{"cameraMode":{"drawMode":0,"name":"Shaded","section":"Shading Mode"},"sceneLighting":true,"audioPlay":false,"sceneViewState":{"showFog":true,"showMaterialUpdate":false,"showSkybox":true,"showFlares":true,"showImageEffects":true,"showParticleSystems":true,"showVisualEffectGraphs":true,"m_FxEnabled":true},"in2DMode":false,"pivot":{"x":25.768949508666993,"y":1.8916058540344239,"z":72.96304321289063},"rotation":{"x":0.19941090047359467,"y":0.047894906252622607,"z":-0.009758712723851204,"w":0.9786973595619202},"size":11.505109786987305,"orthographic":false}