{"cameraMode":{"drawMode":0,"name":"Shaded","section":"Shading Mode"},"sceneLighting":true,"audioPlay":false,"sceneViewState":{"showFog":true,"showMaterialUpdate":false,"showSkybox":true,"showFlares":true,"showImageEffects":true,"showParticleSystems":true,"showVisualEffectGraphs":true,"m_FxEnabled":true},"in2DMode":false,"pivot":{"x":-10.715414047241211,"y":-43.574493408203128,"z":99.52513885498047},"rotation":{"x":-0.4025665521621704,"y":0.0005461411201395094,"z":-0.00024727583513595164,"w":-0.9154124855995178},"size":120.25930786132813,"orthographic":false}