{"cameraMode":{"drawMode":0,"name":"Shaded","section":"Shading Mode"},"sceneLighting":true,"audioPlay":false,"sceneViewState":{"showFog":true,"showMaterialUpdate":false,"showSkybox":true,"showFlares":true,"showImageEffects":true,"showParticleSystems":true,"showVisualEffectGraphs":true,"m_FxEnabled":true},"in2DMode":false,"pivot":{"x":-60.787574768066409,"y":43.968238830566409,"z":55.439395904541019},"rotation":{"x":0.2941579818725586,"y":0.6360205411911011,"z":-0.28632113337516787,"w":0.6534292101860046},"size":14.458518981933594,"orthographic":false}